city_name,date,latitude,longitude,temperature,feels_like,humidity,pressure,wind_speed,wind_direction,wind_gusts,precipitation,cloud_cover,weather_code,visibility,is_day,collection_time,current_time,daily_temp_max,daily_temp_min,daily_precipitation,daily_weather_code,federal_district,timezone,population,tourism_season,comfort_index,weather_description,recommended_activity,tourist_season_match,uv_index_risk,precipitation_type
Екатеринбург,2026-02-27,56.8389,60.6057,-17.3,-22.2,77.2,1038.2,7.1,120.0,19.0,6.0,,71,13157.5,,2026-03-01 12:23:40,2026-02-27,-13.8,-19.5,1.2,71,Уральский,UTC+5,1500000,Май-Сентябрь,30,Снег слабый,Музеи и закрытые развлечения,False,Высокий,Снег
Екатеринбург,2026-02-28,56.8389,60.6057,-18.0,-22.8,70.5,1035.1,6.2,120.0,15.7,0.0,,3,25824.2,,2026-03-01 12:23:40,2026-02-28,-13.7,-21.6,0.0,3,Уральский,UTC+5,1500000,Май-Сентябрь,35,Облачно,Домашний отдых,False,Низкий,Снег
Екатеринбург,2026-03-01,56.8389,60.6057,-17.22,-22.42,77.05999999999999,1024.5800000000002,9.3,139.6,24.8,0.7000000000000001,,71,15703.02,,2026-03-01 12:23:40,2026-03-01,-12.4,-20.9,0.2,71,Уральский,UTC+5,1500000,Май-Сентябрь,27,Снег слабый,Домашний отдых,False,Высокий,Снег
Екатеринбург,2026-03-02,56.8389,60.6057,-14.66,-18.84,79.97999999999999,1018.2,3.2399999999999998,57.4,10.3,2.9,,71,14436.34,,2026-03-01 12:23:40,2026-03-02,-11.5,-17.0,0.7,71,Уральский,UTC+5,1500000,Май-Сентябрь,41,Снег слабый,Зимние виды спорта,False,Высокий,Снег
Екатеринбург,2026-03-03,56.8389,60.6057,-15.5,-20.6,80.7,1018.1,9.0,89.0,23.6,25.5,,71,2081.7,,2026-03-01 12:23:40,2026-03-03,-14.6,-16.9,5.1,71,Уральский,UTC+5,1500000,Май-Сентябрь,29,Снег слабый,Музеи и закрытые развлечения,False,Высокий,Снег
Екатеринбург,2026-03-04,56.8389,60.6057,-17.4,-22.5,76.3,1015.7,8.6,35.0,23.0,17.0,,71,3589.2,,2026-03-01 12:23:40,2026-03-04,-15.8,-18.8,3.4,71,Уральский,UTC+5,1500000,Май-Сентябрь,30,Снег слабый,Музеи и закрытые развлечения,False,Высокий,Снег
Екатеринбург,2026-03-05,56.8389,60.6057,-19.3,-24.1,73.6,1018.5,6.0,3.0,16.6,3.0,,71,21992.5,,2026-03-01 12:23:40,2026-03-05,-17.3,-21.0,0.6,71,Уральский,UTC+5,1500000,Май-Сентябрь,36,Снег слабый,Домашний отдых,False,Высокий,Снег
Екатеринбург,2026-03-06,56.8389,60.6057,-16.9,-21.8,80.5,1016.7,7.2,107.0,17.7,9.0,,71,5158.639999999999,,2026-03-01 12:23:40,2026-03-06,-11.0,-22.3,1.8,71,Уральский,UTC+5,1500000,Май-Сентябрь,31,Снег слабый,Музеи и закрытые развлечения,False,Высокий,Снег
Екатеринбург,2026-03-07,56.8389,60.6057,-12.2,-17.2,82.2,1011.4,9.8,29.0,23.8,16.5,,73,14954.86,,2026-03-01 12:23:40,2026-03-07,-10.3,-14.9,3.3,73,Уральский,UTC+5,1500000,Май-Сентябрь,30,Снег умеренный,Музеи и закрытые развлечения,False,Высокий,Снег
Екатеринбург,2026-03-08,56.8389,60.6057,-11.7,-17.9,82.6,1016.6,18.5,19.0,47.0,48.0,,71,20258.0,,2026-03-01 12:23:40,2026-03-08,-4.1,-16.3,9.6,71,Уральский,UTC+5,1500000,Май-Сентябрь,30,Снег слабый,Музеи и закрытые развлечения,False,Высокий,Снег
Екатеринбург,2026-03-09,56.8389,60.6057,-9.5,-14.8,89.7,1023.86,14.0,292.0,35.3,0.0,,3,12621.7,,2026-03-01 12:23:40,2026-03-09,-2.4,-17.7,0.0,3,Уральский,UTC+5,1500000,Май-Сентябрь,28,Облачно,Домашний отдых,False,Низкий,Снег
Екатеринбург,2026-03-10,56.8389,60.6057,-0.1,-5.4,87.5,1021.22,19.2,278.0,46.7,0.0,,3,15097.84,,2026-03-01 12:23:40,2026-03-10,1.0,-2.3,0.0,3,Уральский,UTC+5,1500000,Май-Сентябрь,38,Облачно,Домашний отдых,False,Низкий,Снег
Екатеринбург,2026-03-11,56.8389,60.6057,-0.6,-5.8,87.0,1019.22,18.6,293.0,41.7,0.0,,45,12837.86,,2026-03-01 12:23:40,2026-03-11,0.8,-3.0,0.0,45,Уральский,UTC+5,1500000,Май-Сентябрь,38,Туман,Музеи и закрытые развлечения,False,Высокий,Снег
Екатеринбург,2026-03-12,56.8389,60.6057,-4.1,-7.8,89.9,1021.3799999999999,6.0,294.0,25.0,0.0,,45,16570.3,,2026-03-01 12:23:40,2026-03-12,0.2,-8.6,0.0,45,Уральский,UTC+5,1500000,Май-Сентябрь,41,Туман,Музеи и закрытые развлечения,False,Высокий,Снег
Екатеринбург,2026-03-13,56.8389,60.6057,-6.2,-10.4,92.2,1023.6600000000001,7.9,239.0,15.2,0.0,,45,9827.34,,2026-03-01 12:23:40,2026-03-13,-0.3,-12.9,0.0,45,Уральский,UTC+5,1500000,Май-Сентябрь,34,Туман,Музеи и закрытые развлечения,False,Высокий,Снег
Екатеринбург,2026-03-14,56.8389,60.6057,-5.9,-9.5,94.2,1028.1200000000001,4.4,152.0,7.9,0.0,,3,11012.7,,2026-03-01 12:23:40,2026-03-14,-1.0,-11.0,0.0,3,Уральский,UTC+5,1500000,Май-Сентябрь,40,Облачно,Музеи и закрытые развлечения,False,Низкий,Снег
Иркутск,2026-02-27,52.17,104.18,-22.4,-26.9,70.8,1034.0,3.2,332.0,7.0,0.0,,3,14730.0,,2026-03-01 12:23:39,2026-02-27,-17.7,-26.8,0.0,3,Сибирский,UTC+8,620000,Май-Сентябрь,41,Облачно,Музеи и закрытые развлечения,False,Низкий,Снег
Иркутск,2026-02-28,52.17,104.18,-23.9,-28.5,69.4,1034.5,3.5,219.0,8.2,0.0,,3,5719.2,,2026-03-01 12:23:39,2026-02-28,-17.7,-31.2,0.0,3,Сибирский,UTC+8,620000,Май-Сентябрь,41,Облачно,Музеи и закрытые развлечения,False,Низкий,Снег
Иркутск,2026-03-01,52.17,104.18,-21.9,-26.6,71.2,1036.0,4.8,164.0,10.7,0.0,,3,6791.225,,2026-03-01 12:23:39,2026-03-01,-14.3,-30.5,0.0,3,Сибирский,UTC+8,620000,Май-Сентябрь,38,Облачно,Домашний отдых,False,Низкий,Снег
Иркутск,2026-03-02,52.17,104.18,-18.0,-22.9,72.9,1039.2,6.9,303.0,15.6,9.6,,71,7739.2,,2026-03-01 12:23:39,2026-03-02,-15.1,-20.8,1.2,71,Сибирский,UTC+8,620000,Май-Сентябрь,32,Снег слабый,Музеи и закрытые развлечения,False,Высокий,Снег
Иркутск,2026-03-03,52.17,104.18,-20.0,-25.1,64.2,1035.2,8.1,156.0,18.2,0.0,,1,21712.475,,2026-03-01 12:23:39,2026-03-03,-11.5,-27.8,0.0,1,Сибирский,UTC+8,620000,Май-Сентябрь,34,В основном ясно,Музеи и закрытые развлечения,False,Низкий,Снег
Иркутск,2026-03-04,52.17,104.18,-15.6,-20.2,64.0,1031.1,5.8,146.0,13.6,0.0,,3,23591.4875,,2026-03-01 12:23:39,2026-03-04,-7.3,-22.5,0.0,3,Сибирский,UTC+8,620000,Май-Сентябрь,42,Облачно,Музеи и закрытые развлечения,False,Низкий,Снег
Иркутск,2026-03-05,52.17,104.18,-12.5,-17.2,64.6,1026.8,7.1,154.0,16.4,0.0,,1,20202.0125,,2026-03-01 12:23:39,2026-03-05,-2.9,-22.2,0.0,1,Сибирский,UTC+8,620000,Май-Сентябрь,43,В основном ясно,Музеи и закрытые развлечения,False,Низкий,Снег
Иркутск,2026-03-06,52.17,104.18,-8.1,-12.7,63.2,1017.7,7.4,152.0,18.2,0.0,,3,22868.9875,,2026-03-01 12:23:39,2026-03-06,-3.2,-12.2,0.0,3,Сибирский,UTC+8,620000,Май-Сентябрь,48,Облачно,Музеи и закрытые развлечения,False,Низкий,Снег
Иркутск,2026-03-07,52.17,104.18,-5.3,-8.9,77.5,1031.1,3.5,170.0,9.2,2.4,,71,8803.5125,,2026-03-01 12:23:39,2026-03-07,-0.5,-9.7,0.3,71,Сибирский,UTC+8,620000,Май-Сентябрь,50,Снег слабый,Зимние виды спорта,False,Высокий,Снег
Иркутск,2026-03-08,52.17,104.18,-5.6,-10.1,65.8,1027.375,7.9,163.0,20.7,0.0,,3,16692.575,,2026-03-01 12:23:39,2026-03-08,2.8,-12.4,0.0,3,Сибирский,UTC+8,620000,Май-Сентябрь,47,Облачно,Музеи и закрытые развлечения,False,Низкий,Снег
Иркутск,2026-03-09,52.17,104.18,-5.7,-9.6,88.3,1024.95,6.0,166.0,32.8,0.0,,3,19918.9875,,2026-03-01 12:23:39,2026-03-09,-0.1,-10.1,0.0,3,Сибирский,UTC+8,620000,Май-Сентябрь,40,Облачно,Музеи и закрытые развлечения,False,Низкий,Снег
Иркутск,2026-03-10,52.17,104.18,-5.5,-10.2,89.9,1028.125,11.6,216.0,22.5,4.8,,71,21783.9875,,2026-03-01 12:23:39,2026-03-10,0.9,-10.9,0.6,71,Сибирский,UTC+8,620000,Май-Сентябрь,31,Снег слабый,Домашний отдых,False,Высокий,Снег
Иркутск,2026-03-11,52.17,104.18,-10.8,-16.5,78.7,1022.8249999999999,15.6,313.0,28.7,0.0,,3,21654.45,,2026-03-01 12:23:39,2026-03-11,-5.1,-16.6,0.0,3,Сибирский,UTC+8,620000,Май-Сентябрь,32,Облачно,Домашний отдых,False,Низкий,Снег
Иркутск,2026-03-12,52.17,104.18,-13.1,-17.9,84.2,1026.325,8.8,154.0,15.5,0.0,,3,20747.8875,,2026-03-01 12:23:39,2026-03-12,-6.0,-19.5,0.0,3,Сибирский,UTC+8,620000,Май-Сентябрь,29,Облачно,Домашний отдых,False,Низкий,Снег
Иркутск,2026-03-13,52.17,104.18,-9.8,-14.6,85.8,1025.0,9.8,153.0,22.1,4.8,,71,17347.675,,2026-03-01 12:23:39,2026-03-13,-4.9,-14.6,0.6,71,Сибирский,UTC+8,620000,Май-Сентябрь,30,Снег слабый,Домашний отдых,False,Высокий,Снег
Иркутск,2026-03-14,52.17,104.18,-7.8,-13.3,92.2,1025.325,16.1,318.0,31.3,26.4,,71,16610.4875,,2026-03-01 12:23:39,2026-03-14,-4.0,-10.8,3.3,71,Сибирский,UTC+8,620000,Май-Сентябрь,28,Снег слабый,Музеи и закрытые развлечения,False,Высокий,Снег
Казань,2026-02-27,55.7964,49.1082,-5.5,-9.1,87.0,1031.6,4.0,160.0,9.4,4.0,,71,21174.2,,2026-03-01 12:23:39,2026-02-27,-3.6,-7.6,0.8,71,Приволжский,UTC+3,1300000,Апрель-Октябрь,44,Снег слабый,Зимние виды спорта,False,Высокий,Снег
Казань,2026-02-28,55.7964,49.1082,-1.7,-5.3,91.4,1021.7,7.6,188.0,19.0,30.5,,71,9587.5,,2026-03-01 12:23:39,2026-02-28,-0.5,-3.7,6.1,71,Приволжский,UTC+3,1300000,Апрель-Октябрь,40,Снег слабый,Музеи и закрытые развлечения,False,Высокий,Снег
Казань,2026-03-01,55.7964,49.1082,-0.04,-3.08,92.96,1015.4200000000001,5.42,264.0,14.1,8.0,,77,11521.16,,2026-03-01 12:23:39,2026-03-01,1.6,-1.5,1.6,77,Приволжский,UTC+3,1300000,Апрель-Октябрь,45,Погода код 77,Музеи и закрытые развлечения,False,Высокий,Снег
Казань,2026-03-02,55.7964,49.1082,-0.06000000000000001,-3.3,92.32000000000001,1012.9399999999999,6.659999999999999,169.4,17.5,21.4,,71,10795.2,,2026-03-01 12:23:39,2026-03-02,0.5,-0.4,4.1,71,Приволжский,UTC+3,1300000,Апрель-Октябрь,43,Снег слабый,Музеи и закрытые развлечения,False,Высокий,Снег
Казань,2026-03-03,55.7964,49.1082,-1.4,-5.5,86.0,1007.0,10.4,20.0,26.0,27.5,,71,14118.3,,2026-03-01 12:23:39,2026-03-03,0.0,-5.2,5.5,71,Приволжский,UTC+3,1300000,Апрель-Октябрь,38,Снег слабый,Музеи и закрытые развлечения,False,Высокий,Снег
Казань,2026-03-04,55.7964,49.1082,-8.1,-12.6,76.3,1015.9,7.4,11.0,20.0,0.0,,3,33145.0,,2026-03-01 12:23:39,2026-03-04,-5.7,-9.5,0.0,3,Приволжский,UTC+3,1300000,Апрель-Октябрь,42,Облачно,Музеи и закрытые развлечения,False,Низкий,Снег
Казань,2026-03-05,55.7964,49.1082,-8.0,-12.8,84.8,1009.4,9.9,121.0,24.9,13.0,,71,15833.3,,2026-03-01 12:23:39,2026-03-05,-6.4,-9.4,2.6,71,Приволжский,UTC+3,1300000,Апрель-Октябрь,32,Снег слабый,Музеи и закрытые развлечения,False,Высокий,Снег
Казань,2026-03-06,55.7964,49.1082,-7.9,-12.7,81.3,1007.6,10.4,15.0,19.8,6.0,,71,9718.380000000001,,2026-03-01 12:23:39,2026-03-06,-5.6,-10.0,1.2,71,Приволжский,UTC+3,1300000,Апрель-Октябрь,34,Снег слабый,Музеи и закрытые развлечения,False,Высокий,Снег
Казань,2026-03-07,55.7964,49.1082,-14.4,-21.1,72.2,1012.3,20.4,359.0,34.1,5.0,,71,16515.36,,2026-03-01 12:23:39,2026-03-07,-9.6,-19.4,1.0,71,Приволжский,UTC+3,1300000,Апрель-Октябрь,32,Снег слабый,Домашний отдых,False,Высокий,Снег
Казань,2026-03-08,55.7964,49.1082,-13.9,-20.2,79.2,1020.9,19.1,317.0,36.5,3.0,,71,14517.66,,2026-03-01 12:23:39,2026-03-08,-3.1,-21.3,0.6,71,Приволжский,UTC+3,1300000,Апрель-Октябрь,29,Снег слабый,Домашний отдых,False,Высокий,Снег
Казань,2026-03-09,55.7964,49.1082,-0.6,-4.8,96.3,1032.34,13.1,268.0,27.7,0.0,,3,20748.86,,2026-03-01 12:23:39,2026-03-09,0.7,-2.9,0.0,3,Приволжский,UTC+3,1300000,Апрель-Октябрь,32,Облачно,Домашний отдых,False,Низкий,Снег
Казань,2026-03-10,55.7964,49.1082,0.6,-3.6,95.7,1030.48,14.4,267.0,38.0,0.0,,3,22942.0,,2026-03-01 12:23:39,2026-03-10,0.8,0.3,0.0,3,Приволжский,UTC+3,1300000,Апрель-Октябрь,34,Облачно,Домашний отдых,False,Низкий,Без осадков
Казань,2026-03-11,55.7964,49.1082,0.0,-3.0,96.2,1026.7,5.0,315.0,26.6,0.0,,45,17402.5,,2026-03-01 12:23:39,2026-03-11,0.7,-1.1,0.0,45,Приволжский,UTC+3,1300000,Апрель-Октябрь,44,Туман,Музеи и закрытые развлечения,False,Высокий,Без осадков
Казань,2026-03-12,55.7964,49.1082,-2.9,-6.5,92.8,1022.6,6.3,98.0,18.5,0.0,,45,7958.860000000001,,2026-03-01 12:23:39,2026-03-12,0.3,-10.6,0.0,45,Приволжский,UTC+3,1300000,Апрель-Октябрь,40,Туман,Музеи и закрытые развлечения,False,Высокий,Снег
Казань,2026-03-13,55.7964,49.1082,-3.4,-7.0,93.8,1025.54,6.5,171.0,25.7,0.0,,45,13916.8,,2026-03-01 12:23:39,2026-03-13,-0.8,-8.4,0.0,45,Приволжский,UTC+3,1300000,Апрель-Октябрь,38,Туман,Музеи и закрытые развлечения,False,Высокий,Снег
Казань,2026-03-14,55.7964,49.1082,-6.2,-10.4,94.9,1027.7,8.3,49.0,15.4,0.0,,45,13378.7,,2026-03-01 12:23:39,2026-03-14,-1.3,-13.4,0.0,45,Приволжский,UTC+3,1300000,Апрель-Октябрь,31,Туман,Музеи и закрытые развлечения,False,Высокий,Снег
Москва,2026-02-27,55.7558,37.6176,-3.7,-7.7,85.2,1028.9,7.9,212.0,21.6,0.0,,3,24912.5,,2026-03-01 12:23:39,2026-02-27,-1.5,-5.7,0.0,3,Центральный,UTC+3,12500000,Круглогодично,39,Облачно,Домашний отдых,True,Низкий,Снег
Москва,2026-02-28,55.7558,37.6176,0.0,-3.5,87.3,1020.5,7.9,241.0,21.6,13.5,,71,23043.3,,2026-03-01 12:23:39,2026-02-28,1.3,-1.4,2.7,71,Центральный,UTC+3,12500000,Круглогодично,43,Снег слабый,Музеи и закрытые развлечения,True,Высокий,Дождь
Москва,2026-03-01,55.7558,37.6176,2.02,-0.42000000000000004,95.2,1019.36,3.8,233.8,10.2,1.4000000000000001,,53,6443.2,,2026-03-01 12:23:39,2026-03-01,3.9,1.0,0.1,53,Центральный,UTC+3,12500000,Круглогодично,49,Морось умеренная,Музеи и закрытые развлечения,True,Высокий,Дождь
Москва,2026-03-02,55.7558,37.6176,1.42,-1.72,90.48,1011.0,6.9799999999999995,267.8,18.7,7.4,,61,18589.16,,2026-03-01 12:23:39,2026-03-02,3.0,-0.1,1.0,61,Центральный,UTC+3,12500000,Круглогодично,45,Дождь слабый,Музеи и закрытые развлечения,True,Высокий,Дождь
Москва,2026-03-03,55.7558,37.6176,-0.5,-4.2,85.6,1016.5,8.5,337.0,23.7,2.0,,71,25045.8,,2026-03-01 12:23:39,2026-03-03,0.8,-3.3,0.4,71,Центральный,UTC+3,12500000,Круглогодично,42,Снег слабый,Зимние виды спорта,True,Высокий,Снег
Москва,2026-03-04,55.7558,37.6176,-2.0,-5.6,87.2,1016.3,6.8,234.0,17.9,9.5,,71,21280.8,,2026-03-01 12:23:39,2026-03-04,0.9,-4.6,1.9,71,Центральный,UTC+3,12500000,Круглогодично,43,Снег слабый,Музеи и закрытые развлечения,True,Высокий,Снег
Москва,2026-03-05,55.7558,37.6176,0.1,-3.2,89.8,1006.2,6.0,268.0,17.3,9.0,,71,15910.8,,2026-03-01 12:23:39,2026-03-05,0.7,-0.7,1.8,71,Центральный,UTC+3,12500000,Круглогодично,46,Снег слабый,Музеи и закрытые развлечения,True,Высокий,Дождь
Москва,2026-03-06,55.7558,37.6176,-2.7,-6.8,85.7,1012.4,9.9,354.0,26.1,4.5,,71,14133.519999999999,,2026-03-01 12:23:39,2026-03-06,-0.1,-8.5,0.9,71,Центральный,UTC+3,12500000,Круглогодично,38,Снег слабый,Домашний отдых,True,Высокий,Снег
Москва,2026-03-07,55.7558,37.6176,-15.4,-21.4,67.4,1027.3,14.9,352.0,38.9,0.0,,3,19310.98,,2026-03-01 12:23:39,2026-03-07,-9.2,-19.8,0.0,3,Центральный,UTC+3,12500000,Круглогодично,32,Облачно,Домашний отдых,True,Низкий,Снег
Москва,2026-03-08,55.7558,37.6176,-13.0,-17.7,80.2,1033.3200000000002,9.7,325.0,25.8,0.0,,3,20968.0,,2026-03-01 12:23:39,2026-03-08,0.1,-22.9,0.0,3,Центральный,UTC+3,12500000,Круглогодично,28,Облачно,Домашний отдых,True,Низкий,Снег
Москва,2026-03-09,55.7558,37.6176,0.4,-2.4,99.5,1037.28,5.2,262.0,14.1,0.0,,3,16389.66,,2026-03-01 12:23:39,2026-03-09,1.2,-0.3,0.0,3,Центральный,UTC+3,12500000,Круглогодично,41,Облачно,Музеи и закрытые развлечения,True,Низкий,Без осадков
Москва,2026-03-10,55.7558,37.6176,0.1,-2.8,98.7,1035.4199999999998,5.6,246.0,29.0,0.0,,45,15713.16,,2026-03-01 12:23:39,2026-03-10,0.8,-0.6,0.0,45,Центральный,UTC+3,12500000,Круглогодично,40,Туман,Музеи и закрытые развлечения,True,Высокий,Без осадков
Москва,2026-03-11,55.7558,37.6176,-0.3,-2.8,98.5,1030.96,1.8,254.0,35.7,0.0,,45,16743.0,,2026-03-01 12:23:39,2026-03-11,0.6,-1.1,0.0,45,Центральный,UTC+3,12500000,Круглогодично,48,Туман,Музеи и закрытые развлечения,True,Высокий,Снег
Москва,2026-03-12,55.7558,37.6176,-0.6,-3.4,99.1,1026.06,4.1,156.0,40.3,0.0,,45,16477.0,,2026-03-01 12:23:39,2026-03-12,0.3,-1.4,0.0,45,Центральный,UTC+3,12500000,Круглогодично,43,Туман,Музеи и закрытые развлечения,True,Высокий,Снег
Москва,2026-03-13,55.7558,37.6176,-1.5,-4.4,98.7,1028.34,3.6,138.0,20.3,0.0,,3,19001.5,,2026-03-01 12:23:39,2026-03-13,-0.1,-3.4,0.0,3,Центральный,UTC+3,12500000,Круглогодично,43,Облачно,Музеи и закрытые развлечения,True,Низкий,Снег
Москва,2026-03-14,55.7558,37.6176,-1.5,-5.4,95.3,1029.16,9.9,24.0,23.3,3.0,,51,15022.02,,2026-03-01 12:23:39,2026-03-14,0.1,-2.8,0.6,51,Центральный,UTC+3,12500000,Круглогодично,32,Морось слабая,Музеи и закрытые развлечения,True,Высокий,Снег
Новосибирск,2026-02-27,55.0084,82.9357,-27.6,-32.4,64.9,1035.9,4.6,183.0,10.6,0.0,,3,4005.0,,2026-03-01 12:23:39,2026-02-27,-22.8,-32.7,0.0,3,Сибирский,UTC+7,1600000,Июнь-Август,41,Облачно,Музеи и закрытые развлечения,False,Низкий,Снег
Новосибирск,2026-02-28,55.0084,82.9357,-23.9,-28.6,68.5,1034.8,4.4,158.0,11.9,1.0,,71,7420.0,,2026-03-01 12:23:39,2026-02-28,-21.0,-26.4,0.2,71,Сибирский,UTC+7,1600000,Июнь-Август,40,Снег слабый,Домашний отдых,False,Высокий,Снег
Новосибирск,2026-03-01,55.0084,82.9357,-27.1,-31.6,64.0,1038.9,3.0,203.0,6.9,0.0,,1,14298.8,,2026-03-01 12:23:39,2026-03-01,-22.9,-33.6,0.0,1,Сибирский,UTC+7,1600000,Июнь-Август,44,В основном ясно,Музеи и закрытые развлечения,False,Низкий,Снег
Новосибирск,2026-03-02,55.0084,82.9357,-22.6,-27.5,64.5,1032.6,6.3,148.0,15.3,0.0,,3,24087.0,,2026-03-01 12:23:39,2026-03-02,-17.3,-26.7,0.0,3,Сибирский,UTC+7,1600000,Июнь-Август,38,Облачно,Домашний отдых,False,Низкий,Снег
Новосибирск,2026-03-03,55.0084,82.9357,-13.8,-18.7,81.0,1019.7,9.0,182.0,22.1,17.0,,71,2480.4800000000005,,2026-03-01 12:23:39,2026-03-03,-8.3,-18.7,3.4,71,Сибирский,UTC+7,1600000,Июнь-Август,30,Снег слабый,Музеи и закрытые развлечения,False,Высокий,Снег
Новосибирск,2026-03-04,55.0084,82.9357,-13.3,-17.9,80.5,1025.8,6.1,127.0,15.6,13.5,,71,4435.64,,2026-03-01 12:23:39,2026-03-04,-7.3,-17.4,2.7,71,Сибирский,UTC+7,1600000,Июнь-Август,36,Снег слабый,Музеи и закрытые развлечения,False,Высокий,Снег
Новосибирск,2026-03-05,55.0084,82.9357,-4.9,-9.4,83.5,1012.6,10.1,201.0,25.0,14.5,,71,10189.7,,2026-03-01 12:23:39,2026-03-05,-3.2,-6.6,2.9,71,Сибирский,UTC+7,1600000,Июнь-Август,36,Снег слабый,Музеи и закрытые развлечения,False,Высокий,Снег
Новосибирск,2026-03-06,55.0084,82.9357,-6.7,-11.0,80.0,1017.0,7.9,284.0,21.9,15.0,,71,9895.02,,2026-03-01 12:23:39,2026-03-06,-2.9,-12.3,3.0,71,Сибирский,UTC+7,1600000,Июнь-Август,40,Снег слабый,Музеи и закрытые развлечения,False,Высокий,Снег
Новосибирск,2026-03-07,55.0084,82.9357,-6.7,-10.5,83.4,1026.7,4.3,157.0,10.3,0.0,,71,18107.5,,2026-03-01 12:23:39,2026-03-07,-2.4,-10.8,0.0,71,Сибирский,UTC+7,1600000,Июнь-Август,45,Снег слабый,Зимние виды спорта,False,Высокий,Снег
Новосибирск,2026-03-08,55.0084,82.9357,-6.7,-10.8,84.0,1025.1399999999999,6.8,245.0,14.3,0.0,,45,2729.5,,2026-03-01 12:23:39,2026-03-08,-0.4,-16.4,0.0,45,Сибирский,UTC+7,1600000,Июнь-Август,39,Туман,Музеи и закрытые развлечения,False,Высокий,Снег
Новосибирск,2026-03-09,55.0084,82.9357,-16.4,-21.4,96.7,1028.8,9.0,196.0,23.6,4.5,,71,5340.84,,2026-03-01 12:23:39,2026-03-09,-11.0,-24.1,0.9,71,Сибирский,UTC+7,1600000,Июнь-Август,19,Снег слабый,Домашний отдых,False,Высокий,Снег
Новосибирск,2026-03-10,55.0084,82.9357,-20.5,-25.9,92.1,1020.82,11.0,348.0,32.3,0.0,,45,5968.66,,2026-03-01 12:23:39,2026-03-10,-12.8,-28.6,0.0,45,Сибирский,UTC+7,1600000,Июнь-Август,18,Туман,Музеи и закрытые развлечения,False,Высокий,Снег
Новосибирск,2026-03-11,55.0084,82.9357,-16.6,-23.2,96.9,1018.9200000000001,21.3,181.0,40.3,11.0,,71,1583.52,,2026-03-01 12:23:39,2026-03-11,-4.2,-29.7,2.2,71,Сибирский,UTC+7,1600000,Июнь-Август,17,Снег слабый,Музеи и закрытые развлечения,False,Высокий,Снег
Новосибирск,2026-03-12,55.0084,82.9357,-3.6,-9.3,91.7,1017.46,20.6,250.0,39.5,6.0,,71,1474.8600000000001,,2026-03-01 12:23:39,2026-03-12,-0.6,-6.7,1.2,71,Сибирский,UTC+7,1600000,Июнь-Август,33,Снег слабый,Музеи и закрытые развлечения,False,Высокий,Снег
Новосибирск,2026-03-13,55.0084,82.9357,-17.7,-23.6,92.2,1023.36,15.2,303.0,39.8,1.0,,51,6268.8,,2026-03-01 12:23:39,2026-03-13,-5.9,-25.4,0.2,51,Сибирский,UTC+7,1600000,Июнь-Август,18,Морось слабая,Музеи и закрытые развлечения,False,Высокий,Снег
Новосибирск,2026-03-14,55.0084,82.9357,-20.9,-26.3,94.8,1024.7199999999998,11.0,186.0,41.9,0.0,,45,10022.34,,2026-03-01 12:23:39,2026-03-14,-13.6,-29.2,0.0,45,Сибирский,UTC+7,1600000,Июнь-Август,16,Туман,Музеи и закрытые развлечения,False,Высокий,Снег
Санкт-Петербург,2026-02-27,59.9343,30.3351,0.5,-4.5,89.0,1012.6,18.7,203.0,36.2,57.0,,73,10821.7,,2026-03-01 12:23:40,2026-02-27,2.5,-2.6,11.4,73,Северо-Западный,UTC+3,5400000,Май-Сентябрь,39,Снег умеренный,Музеи и закрытые развлечения,False,Высокий,Дождь
Санкт-Петербург,2026-02-28,59.9343,30.3351,2.7,-0.8,95.3,1013.7,12.0,242.0,22.6,3.5,,51,14354.2,,2026-03-01 12:23:40,2026-02-28,3.2,2.5,0.7,51,Северо-Западный,UTC+3,5400000,Май-Сентябрь,38,Морось слабая,Музеи и закрытые развлечения,False,Высокий,Дождь
Санкт-Петербург,2026-03-01,59.9343,30.3351,2.6,-0.5,92.3,1014.9,8.8,163.0,17.5,3.0,,51,19378.66,,2026-03-01 12:23:40,2026-03-01,3.1,2.4,0.6,51,Северо-Западный,UTC+3,5400000,Май-Сентябрь,42,Морось слабая,Музеи и закрытые развлечения,False,Высокий,Дождь
Санкт-Петербург,2026-03-02,59.9343,30.3351,2.1,-1.8,89.7,1011.0,13.2,286.0,25.7,21.0,,61,11143.8,,2026-03-01 12:23:40,2026-03-02,3.2,1.3,4.2,61,Северо-Западный,UTC+3,5400000,Май-Сентябрь,40,Дождь слабый,Музеи и закрытые развлечения,False,Высокий,Дождь
Санкт-Петербург,2026-03-03,59.9343,30.3351,0.8,-3.2,79.61999999999999,1021.54,10.58,311.2,21.7,2.09,,73,23061.3,,2026-03-01 12:23:40,2026-03-03,2.3,-0.3,0.7,73,Северо-Западный,UTC+3,5400000,Май-Сентябрь,43,Снег умеренный,Зимние виды спорта,False,Высокий,Дождь
Санкт-Петербург,2026-03-04,59.9343,30.3351,0.9199999999999999,-4.3,88.26,1009.04,20.56,258.8,42.4,15.4,,73,25539.68,,2026-03-01 12:23:40,2026-03-04,1.9,-0.3,3.2,73,Северо-Западный,UTC+3,5400000,Май-Сентябрь,39,Снег умеренный,Музеи и закрытые развлечения,False,Высокий,Дождь
Санкт-Петербург,2026-03-05,59.9343,30.3351,-0.05999999999999996,-4.14,87.42,1013.5600000000001,11.7,303.4,28.4,4.5,,3,33214.2,,2026-03-01 12:23:40,2026-03-05,2.2,-5.0,0.0,3,Северо-Западный,UTC+3,5400000,Май-Сентябрь,39,Облачно,Домашний отдых,False,Низкий,Снег
Санкт-Петербург,2026-03-06,59.9343,30.3351,-2.2399999999999998,-5.82,89.42,1023.18,6.5,227.6,15.8,0.0,,3,26443.340000000004,,2026-03-01 12:23:40,2026-03-06,1.7,-7.2,0.0,3,Северо-Западный,UTC+3,5400000,Май-Сентябрь,42,Облачно,Музеи и закрытые развлечения,False,Низкий,Снег
Санкт-Петербург,2026-03-07,59.9343,30.3351,0.1,-4.58,84.9,1018.3399999999999,15.66,269.6,35.2,36.0,,73,28229.32,,2026-03-01 12:23:40,2026-03-07,2.3,-1.2,7.2,73,Северо-Западный,UTC+3,5400000,Май-Сентябрь,40,Снег умеренный,Музеи и закрытые развлечения,False,Высокий,Дождь
Санкт-Петербург,2026-03-08,59.9343,30.3351,-0.1,-5.3,81.8,1019.3,17.9,281.0,39.0,0.0,,3,38095.0,,2026-03-01 12:23:40,2026-03-08,2.3,-1.6,0.0,3,Северо-Западный,UTC+3,5400000,Май-Сентябрь,41,Облачно,Музеи и закрытые развлечения,False,Низкий,Снег
Санкт-Петербург,2026-03-09,59.9343,30.3351,0.4,-4.4,88.7,1019.7,17.1,279.0,36.9,0.0,,3,31788.3,,2026-03-01 12:23:40,2026-03-09,2.0,-0.9,0.0,3,Северо-Западный,UTC+3,5400000,Май-Сентябрь,38,Облачно,Домашний отдых,False,Низкий,Без осадков
Санкт-Петербург,2026-03-10,59.9343,30.3351,0.8,-3.6,92.2,1011.9,15.1,260.0,32.8,0.0,,3,17299.2,,2026-03-01 12:23:40,2026-03-10,3.2,-1.6,0.0,3,Северо-Западный,UTC+3,5400000,Май-Сентябрь,38,Облачно,Домашний отдых,False,Низкий,Без осадков
Санкт-Петербург,2026-03-11,59.9343,30.3351,-5.0,-10.6,80.7,1010.9,18.1,317.0,41.9,4.0,,71,19067.5,,2026-03-01 12:23:40,2026-03-11,0.2,-11.5,0.8,71,Северо-Западный,UTC+3,5400000,Май-Сентябрь,37,Снег слабый,Домашний отдых,False,Высокий,Снег
Санкт-Петербург,2026-03-12,59.9343,30.3351,-12.1,-18.5,69.0,1031.6,19.0,23.0,42.7,2.0,,71,33203.3,,2026-03-01 12:23:40,2026-03-12,-10.4,-14.3,0.4,71,Северо-Западный,UTC+3,5400000,Май-Сентябрь,35,Снег слабый,Домашний отдых,False,Высокий,Снег
Санкт-Петербург,2026-03-13,59.9343,30.3351,-9.3,-14.0,69.7,1042.5,8.3,1.0,22.4,0.0,,0,40155.0,,2026-03-01 12:23:40,2026-03-13,-3.8,-12.7,0.0,0,Северо-Западный,UTC+3,5400000,Май-Сентябрь,39,Ясно,Музеи и закрытые развлечения,False,Низкий,Снег
Санкт-Петербург,2026-03-14,59.9343,30.3351,-9.8,-15.4,71.3,1037.5,14.4,284.0,28.8,0.0,,3,39500.0,,2026-03-01 12:23:40,2026-03-14,-6.2,-12.6,0.0,3,Северо-Западный,UTC+3,5400000,Май-Сентябрь,35,Облачно,Домашний отдых,False,Низкий,Снег
Сочи,2026-02-27,43.6028,39.7342,6.2,4.1,84.7,1014.8,4.3,163.0,9.9,1.5,,61,27943.3,,2026-03-01 12:23:40,2026-02-27,7.9,4.5,0.3,61,Южный,UTC+3,400000,Май-Октябрь,58,Дождь слабый,Музеи и закрытые развлечения,False,Высокий,Дождь
Сочи,2026-02-28,43.6028,39.7342,7.1,5.1,83.3,1018.2,4.2,244.0,9.6,0.0,,45,26691.7,,2026-03-01 12:23:40,2026-02-28,9.4,4.6,0.0,45,Южный,UTC+3,400000,Май-Октябрь,60,Туман,Музеи и закрытые развлечения,False,Высокий,Без осадков
Сочи,2026-03-01,43.6028,39.7342,7.0,5.0,83.7,1022.7,4.96,290.8,11.1,0.0,,45,27325.840000000004,,2026-03-01 12:23:40,2026-03-01,9.3,4.4,0.0,45,Южный,UTC+3,400000,Май-Октябрь,57,Туман,Музеи и закрытые развлечения,False,Высокий,Без осадков
Сочи,2026-03-02,43.6028,39.7342,7.340000000000001,5.28,85.32000000000001,1026.04,5.62,133.4,12.5,0.0,,45,25481.48,,2026-03-01 12:23:40,2026-03-02,9.3,4.9,0.0,45,Южный,UTC+3,400000,Май-Октябрь,55,Туман,Музеи и закрытые развлечения,False,Высокий,Без осадков
Сочи,2026-03-03,43.6028,39.7342,6.9,4.5,83.3,1023.8,7.0,126.0,15.6,14.5,,80,28258.3,,2026-03-01 12:23:40,2026-03-03,9.0,5.0,2.9,80,Южный,UTC+3,400000,Май-Октябрь,53,Ливень слабый,Музеи и закрытые развлечения,False,Высокий,Дождь
Сочи,2026-03-04,43.6028,39.7342,5.9,3.7,82.8,1022.0,4.3,89.0,10.3,52.0,,80,29081.7,,2026-03-01 12:23:40,2026-03-04,7.4,3.7,10.4,80,Южный,UTC+3,400000,Май-Октябрь,58,Ливень слабый,Музеи и закрытые развлечения,False,Высокий,Дождь
Сочи,2026-03-05,43.6028,39.7342,5.6,2.6,79.8,1025.6,8.6,145.0,18.2,0.0,,3,30850.8,,2026-03-01 12:23:40,2026-03-05,7.7,3.6,0.0,3,Южный,UTC+3,400000,Май-Октябрь,50,Облачно,Музеи и закрытые развлечения,False,Низкий,Без осадков
Сочи,2026-03-06,43.6028,39.7342,7.0,1.5,81.1,1016.2,28.1,137.0,40.7,249.5,,63,12304.0,,2026-03-01 12:23:40,2026-03-06,9.5,4.2,49.9,63,Южный,UTC+3,400000,Май-Октябрь,49,Дождь умеренный,Музеи и закрытые развлечения,False,Высокий,Дождь
Сочи,2026-03-07,43.6028,39.7342,6.9,0.3,71.2,1018.3,32.8,316.0,48.1,31.5,,80,17466.84,,2026-03-01 12:23:40,2026-03-07,8.1,5.7,6.3,80,Южный,UTC+3,400000,Май-Октябрь,54,Ливень слабый,Музеи и закрытые развлечения,False,Высокий,Дождь
Сочи,2026-03-08,43.6028,39.7342,3.5,-1.5,67.7,1024.44,18.6,331.0,24.7,2.5,,61,18646.5,,2026-03-01 12:23:40,2026-03-08,5.3,0.9,0.5,61,Южный,UTC+3,400000,Май-Октябрь,52,Дождь слабый,Музеи и закрытые развлечения,False,Высокий,Дождь
Сочи,2026-03-09,43.6028,39.7342,3.5,-0.1,67.6,1023.2199999999999,8.1,74.0,9.1,0.0,,3,15941.16,,2026-03-01 12:23:40,2026-03-09,6.3,0.8,0.0,3,Южный,UTC+3,400000,Май-Октябрь,55,Облачно,Музеи и закрытые развлечения,False,Низкий,Без осадков
Сочи,2026-03-10,43.6028,39.7342,4.8,1.4,79.2,1026.3,10.2,105.0,7.3,0.0,,45,13764.7,,2026-03-01 12:23:40,2026-03-10,6.7,3.2,0.0,45,Южный,UTC+3,400000,Май-Октябрь,47,Туман,Музеи и закрытые развлечения,False,Высокий,Без осадков
Сочи,2026-03-11,43.6028,39.7342,5.2,2.0,66.1,1025.8600000000001,6.7,357.0,4.9,0.0,,3,17298.64,,2026-03-01 12:23:40,2026-03-11,7.8,2.7,0.0,3,Южный,UTC+3,400000,Май-Октябрь,60,Облачно,Музеи и закрытые развлечения,False,Низкий,Без осадков
Сочи,2026-03-12,43.6028,39.7342,6.0,2.8,63.1,1023.26,7.3,350.0,5.3,0.0,,3,23888.0,,2026-03-01 12:23:40,2026-03-12,8.8,2.9,0.0,3,Южный,UTC+3,400000,Май-Октябрь,62,Облачно,Музеи и закрытые развлечения,False,Низкий,Без осадков
Сочи,2026-03-13,43.6028,39.7342,5.8,3.1,76.1,1018.9200000000001,5.6,87.0,6.0,1.5,,51,21005.0,,2026-03-01 12:23:40,2026-03-13,7.8,4.9,0.3,51,Южный,UTC+3,400000,Май-Октябрь,59,Морось слабая,Музеи и закрытые развлечения,False,Высокий,Дождь
Сочи,2026-03-14,43.6028,39.7342,5.9,3.3,75.2,1016.54,4.9,98.0,6.2,0.0,,3,19554.5,,2026-03-01 12:23:40,2026-03-14,7.7,4.3,0.0,3,Южный,UTC+3,400000,Май-Октябрь,61,Облачно,Музеи и закрытые развлечения,False,Низкий,Без осадков
Тольятти,2026-02-27,53.31,49.25,-10.5,-14.8,75.9,1034.3,5.3,153.0,9.8,0.0,,3,20625.8,,2026-03-01 12:23:40,2026-02-27,-6.4,-14.3,0.0,3,Приволжский,UTC+0,662000,Круглогодично,42,Облачно,Музеи и закрытые развлечения,True,Низкий,Снег
Тольятти,2026-02-28,53.31,49.25,-6.8,-11.6,85.5,1028.0,11.5,182.0,22.0,4.7,,85,11647.5,,2026-03-01 12:23:40,2026-02-28,-4.1,-9.9,4.7,85,Приволжский,UTC+0,662000,Круглогодично,32,Погода код 85,Музеи и закрытые развлечения,True,Высокий,Снег
Тольятти,2026-03-01,53.31,49.25,-1.4,-4.9,92.8,1018.6,7.7,224.0,16.1,3.2,,77,9850.0,,2026-03-01 12:23:40,2026-03-01,1.0,-4.1,3.2,77,Приволжский,UTC+0,662000,Круглогодично,39,Погода код 77,Музеи и закрытые развлечения,True,Высокий,Снег
Тольятти,2026-03-02,53.31,49.25,0.4,-3.2,91.6,1016.3,9.3,197.0,18.7,0.1,,71,16197.5,,2026-03-01 12:23:40,2026-03-02,0.9,-0.6,0.1,71,Приволжский,UTC+0,662000,Круглогодично,39,Снег слабый,Домашний отдых,True,Высокий,Дождь
Тольятти,2026-03-03,53.31,49.25,0.6,-3.2,91.6,1006.7,11.3,234.0,22.4,1.0,,77,12276.7,,2026-03-01 12:23:40,2026-03-03,1.8,-1.0,1.0,77,Приволжский,UTC+0,662000,Круглогодично,37,Погода код 77,Домашний отдых,True,Высокий,Дождь
Тольятти,2026-03-04,53.31,49.25,-4.9,-10.0,82.2,1014.5,14.4,357.0,28.2,0.3,,71,29273.3,,2026-03-01 12:23:40,2026-03-04,-1.5,-6.7,0.3,71,Приволжский,UTC+0,662000,Круглогодично,37,Снег слабый,Домашний отдых,True,Высокий,Снег
Тольятти,2026-03-05,53.31,49.25,-4.8,-9.3,90.0,1011.1,10.7,180.0,20.8,2.8,,77,12125.0,,2026-03-01 12:23:40,2026-03-05,-2.6,-6.9,2.8,77,Приволжский,UTC+0,662000,Круглогодично,33,Погода код 77,Музеи и закрытые развлечения,True,Высокий,Снег
Тольятти,2026-03-06,53.31,49.25,-1.8,-5.1,93.2,1006.1,6.0,234.0,11.4,0.8,,77,2280.4,,2026-03-01 12:23:40,2026-03-06,0.2,-3.4,0.8,77,Приволжский,UTC+0,662000,Круглогодично,42,Погода код 77,Музеи и закрытые развлечения,True,Высокий,Снег
Тольятти,2026-03-07,53.31,49.25,-8.3,-14.9,81.7,1006.7,22.6,358.0,39.8,0.6,,71,12399.2,,2026-03-01 12:23:40,2026-03-07,-2.8,-14.8,0.6,71,Приволжский,UTC+0,662000,Круглогодично,33,Снег слабый,Домашний отдых,True,Высокий,Снег
Тольятти,2026-03-08,53.31,49.25,-14.9,-21.6,80.9,1019.4,20.6,334.0,35.2,0.0,,3,18734.2,,2026-03-01 12:23:40,2026-03-08,-6.3,-19.3,0.0,3,Приволжский,UTC+0,662000,Круглогодично,27,Облачно,Домашний отдых,True,Низкий,Снег
Тольятти,2026-03-09,53.31,49.25,-4.7,-8.6,95.7,1035.1,7.2,251.0,9.7,0.0,,3,19144.2,,2026-03-01 12:23:40,2026-03-09,0.0,-11.4,0.0,3,Приволжский,UTC+0,662000,Круглогодично,34,Облачно,Домашний отдых,True,Низкий,Снег
Тольятти,2026-03-10,53.31,49.25,-1.9,-5.1,97.4,1033.4,5.7,252.0,7.9,0.0,,45,12467.5,,2026-03-01 12:23:40,2026-03-10,0.9,-7.1,0.0,45,Приволжский,UTC+0,662000,Круглогодично,39,Туман,Музеи и закрытые развлечения,True,Высокий,Снег
Тольятти,2026-03-11,53.31,49.25,0.2,-2.8,96.2,1029.2,5.5,333.0,9.5,0.0,,45,11173.3,,2026-03-01 12:23:40,2026-03-11,1.0,-0.5,0.0,45,Приволжский,UTC+0,662000,Круглогодично,42,Туман,Музеи и закрытые развлечения,True,Высокий,Без осадков
Тольятти,2026-03-12,53.31,49.25,-0.4,-3.8,98.1,1029.8,7.6,65.0,14.7,0.0,,45,5537.5,,2026-03-01 12:23:40,2026-03-12,0.9,-1.5,0.0,45,Приволжский,UTC+0,662000,Круглогодично,37,Туман,Музеи и закрытые развлечения,True,Высокий,Снег
Тольятти,2026-03-13,53.31,49.25,-2.1,-5.6,91.9,1029.0,6.0,104.0,9.2,0.0,,3,19634.2,,2026-03-01 12:23:40,2026-03-13,-1.0,-3.9,0.0,3,Приволжский,UTC+0,662000,Круглогодично,41,Облачно,Музеи и закрытые развлечения,True,Низкий,Снег
Тольятти,2026-03-14,53.31,49.25,-1.9,-6.1,93.9,1021.8,11.8,25.0,19.4,0.4,,51,13704.2,,2026-03-01 12:23:40,2026-03-14,0.0,-4.8,0.4,51,Приволжский,UTC+0,662000,Круглогодично,33,Морось слабая,Музеи и закрытые развлечения,True,Высокий,Снег
